"","id","factor","value"
"1","A18K","MP",0.9648092876
"6","D21C","MP",0.2128662077
"10","F25E","MP",1
"13","G25D","MP",0.0607615485
"16","H05M","MP",0.9912814024
"17","H07A","MP",3.22e-08
"18","H08H","MP",0.8073856412
"22","H25C","MP",0.1465590332
"23","H28E","MP",0.9981672618
"24","H30D","MP",1
"27","J10G","MP",1
"29","J22J","MP",1
"31","K20U","MP",0.9794401938
"33","M09M","MP",0.6102546108
"42","P20E","MP",0.428651501
"43","P26G","MP",1
"44","P28G","MP",0.1710644881
"45","R03C","MP",1
"54","U21S","MP",0.7639763913
"56","W08A","MP",1
"58","W15V","MP",0.5298989196
"61","W18R","MP",1
"64","A18K","MT",1
"69","D21C","MT",0.7162733447
"73","F25E","MT",0.7871177434
"76","G25D","MT",1
"79","H05M","MT",1
"80","H07A","MT",1
"81","H08H","MT",0.8560509327
"85","H25C","MT",0.3096989662
"86","H28E","MT",1
"87","H30D","MT",8.51e-08
"90","J10G","MT",0.3278862311
"92","J22J","MT",0.0953598576
"94","K20U","MT",1
"96","M09M","MT",1.38e-08
"105","P20E","MT",1.07e-08
"106","P26G","MT",0.545290432
"107","P28G","MT",0.1305621416
"108","R03C","MT",2.61e-08
"117","U21S","MT",1
"119","W08A","MT",0.9834051136
"121","W15V","MT",0.8044114935
"124","W18R","MT",0.7938839461
"127","A18K","AC",0.9910112678
"132","D21C","AC",2.58e-08
"136","F25E","AC",0.5762677121
"139","G25D","AC",0.4750002288
"142","H05M","AC",1e-08
"143","H07A","AC",0.8584252623
"144","H08H","AC",1
"148","H25C","AC",1
"149","H28E","AC",0.6020385797
"150","H30D","AC",8.51e-08
"153","J10G","AC",0.7964935271
"155","J22J","AC",0.2238374288
"157","K20U","AC",0.263377904
"159","M09M","AC",1
"168","P20E","AC",1.07e-08
"169","P26G","AC",0.3160751898
"170","P28G","AC",5.8e-08
"171","R03C","AC",0.3460325565
"180","U21S","AC",0.6842217296
"182","W08A","AC",1.01e-08
"184","W15V","AC",0.9438301877
"187","W18R","AC",0.5578367224
"190","A18K","DA",2.18e-08
"195","D21C","DA",1
"199","F25E","DA",0.9161424562
"202","G25D","DA",0.2924856039
"205","H05M","DA",1e-08
"206","H07A","DA",0.8672987992
"207","H08H","DA",0.9266688748
"211","H25C","DA",0.8356425464
"212","H28E","DA",0.9988463913
"213","H30D","DA",0.2960361777
"216","J10G","DA",0.0285680426
"218","J22J","DA",0.0969063841
"220","K20U","DA",0.6947998266
"222","M09M","DA",0.0138254805
"231","P20E","DA",1
"232","P26G","DA",0.3494775301
"233","P28G","DA",1
"234","R03C","DA",2.61e-08
"243","U21S","DA",1.52e-08
"245","W08A","DA",0.5393467752
"247","W15V","DA",1
"250","W18R","DA",0.9069223275
